{
  "name": "media",
  "description": "Załącznik|Załączniki",
  "base": "PersistedModel",
  "strict": false,
  "idInjection": true,
  "options": {
    "validateUpsert": true
  },
  "mixins": {
    "SoftDelete": true,
    "TimeStamp": true
  },
  "properties": {
    "name": {
      "type": "string",
      "title": "Nazwa"
    },
    "type": {
      "type": "string",
      "title": "Typ"
    },
    "container": {
      "type": "string",
      "title": "Katalog"
    },
    "size": {
      "type": "number",
      "title": "Rozmiar"
    },
    "userId": {
      "type": "number",
      "title": "Właściciel"
    }
  },
  "validations": [],
  "relations": {
    "user": {
      "type": "belongsTo",
      "model": "user",
      "foreignKey": ""
    },
    "courses": {
      "type": "hasMany",
      "model": "course",
      "foreignKey": ""
    }
  },
  "acls": [
    {
      "accessType": "*",
      "principalType": "ROLE",
      "principalId": "$everyone",
      "permission": "DENY"
    },
    {
      "accessType": "*",
      "principalType": "ROLE",
      "principalId": "administrator",
      "permission": "ALLOW"
    },
    {
      "accessType": "EXECUTE",
      "principalType": "ROLE",
      "principalId": "$authenticated",
      "permission": "ALLOW",
      "property": "upload"
    },
    {
      "accessType": "EXECUTE",
      "principalType": "ROLE",
      "principalId": "$owner",
      "permission": "ALLOW",
      "property": "destroyById"
    }
  ],
  "methods": {
    "upload": {
      "accepts": [
        {
          "arg": "ctx",
          "type": "object",
          "required": false,
          "description": "Context",
          "http": {
            "source": "context"
          }
        },
        {
          "arg": "options",
          "type": "object",
          "required": false,
          "description": "Options",
          "http": {
            "source": "query"
          }
        }
      ],
      "returns": [
        {
          "arg": "files",
          "type": "object",
          "root": true
        }
      ],
      "description": "Upload file",
      "http": [
        {
          "path": "/upload",
          "verb": "post"
        }
      ]
    }
  }
}
