{
  "name": "userData",
  "description": "Dane użytkownika|Dane użytkownika",
  "base": "PersistedModel",
  "idInjection": true,
  "options": {
    "validateUpsert": true
  },
  "mixins": {
    "SoftDelete": true,
    "TimeStamp": true
  },
  "properties": {
    "userId": {
      "type": "number",
      "required": true
    },
    "tin": {
      "type": "string",
      "required": false,
      "title": "Pesel"
    },
    "education": {
      "type": "string",
      "required": false,
      "title": "Wykształcenie"
    },
    "state": {
      "type": "string",
      "required": false,
      "title": "Województwo"
    },
    "country": {
      "type": "string",
      "required": false,
      "title": "Kraj"
    },
    "community": {
      "type": "string",
      "required": false,
      "title": "Powiat"
    },
    "city": {
      "type": "string",
      "required": false,
      "title": "Miasto"
    },
    "postalCode": {
      "type": "string",
      "required": false,
      "title": "Kod pocztowy"
    },
    "street": {
      "type": "string",
      "required": false,
      "title": "Ulica"
    },
    "streetNumber": {
      "type": "string",
      "required": false,
      "title": "Numer"
    },
    "localNumber": {
      "type": "string",
      "required": false,
      "title": "Numer lokalu"
    },
    "phone": {
      "type": "string",
      "required": false,
      "title": "Nr. telefonu"
    },
    "email": {
      "type": "string",
      "required": false,
      "title": "Email"
    },
    "jobPosition": {
      "type": "string",
      "required": false,
      "title": "Stanowisko"
    },
    "employer": {
      "type": "string",
      "required": false,
      "title": "Pracodawca"
    },
    "employerSity": {
      "type": "string",
      "required": false,
      "title": "Miasto pracodawcy"
    },
    "employerPostalCode": {
      "type": "string",
      "required": false,
      "title": "Kod pocztowy pracodawczy"
    },
    "employerStreet": {
      "type": "string",
      "required": false,
      "title": "Ulica pracodawcy"
    },
    "employerStreetNumber": {
      "type": "string",
      "required": false,
      "title": "Numer ulicy pracodawcy"
    },
    "employerLocalNumber": {
      "type": "string",
      "required": false,
      "title": "Numer lokalu pracodawcy"
    },
    "workPhone": {
      "type": "string",
      "required": false,
      "title": "Telefon slużbowy"
    }
  },
  "validations": [],
  "relations": {
    "user": {
      "type": "belongsTo",
      "model": "user",
      "foreignKey": "userId"
    }
  },
  "acls": [
    {
      "principalType": "ROLE",
      "principalId": "$everyone",
      "permission": "DENY"
    },
    {
      "accessType": "*",
      "principalType": "ROLE",
      "principalId": "$owner",
      "permission": "ALLOW"
    },
    {
      "principalType": "ROLE",
      "principalId": "administrator",
      "permission": "ALLOW"
    }
  ],
  "methods": {}
}
