{
  "name": "userAnswer",
  "description": "Odpowiedź|Odpowiedzi",
  "base": "PersistedModel",
  "idInjection": true,
  "options": {
    "validateUpsert": true
  },
  "mssql": {
    "schema": "dbo",
    "table": "userAnswer"
  },
  "mixins": {
    "SoftDelete": true,
    "TimeStamp": true
  },
  "properties": {
    "userCourseTestId": {
      "type": "number",
      "required": true,
      "title": "Test uczestnika"
    },
    "questionId": {
      "type": "number",
      "required": true,
      "title": "Pytanie"
    },
    "questContent": {
      "type": "string",
      "required": false,
      "title": "Treść pytania",
      "mssql": {
        "columnName": "questContent",
        "dataType": "nvarchar",
        "dataLength": "max",
        "dataPrecision": null,
        "dataScale": null
       
      }
    },
    "value": {
      "type": [
        "string"
      ],
      "title": "Odpowiedź",
      "mssql": {
        "columnName": "value",
        "dataType": "nvarchar",
        "dataLength": "max",
        "dataPrecision": null,
        "dataScale": null,
        "nullable": "NO"
      }
    },
    "answerDt": {
      "type": "date",
      "required": false,
      "title": "Data oceny"
    },
    "evaluationDt": {
      "type": "date",
      "required": false,
      "title": "Data oceny"
    },
    "trainerId": {
      "type": "number",
      "required": false,
      "title": "Trener oceniający"
    },
    "score": {
      "type": "number",
      "required": false,
      "title": "Uzyskana ilość punków"
    }
  },
  "validations": [],
  "relations": {
    "trainer": {
      "type": "belongsTo",
      "model": "user",
      "foreignKey": "trainerId"
    },
    "question": {
      "type": "belongsTo",
      "model": "testQuestion",
      "foreignKey": "questionId"
    },
    "userCourseTest": {
      "type": "belongsTo",
      "model": "userCourseTest",
      "foreignKey": "userCourseTestId"
    }
  },
  "acls": [
    {
      "principalType": "ROLE",
      "principalId": "$everyone",
      "permission": "DENY"
    },
    {
      "accessType": "*",
      "principalType": "ROLE",
      "principalId": "$authenticated",
      "permission": "ALLOW"
    },
    {
      "accessType": "*",
      "principalType": "ROLE",
      "principalId": "administrator",
      "permission": "ALLOW"
    }
  ],
  "methods": {}
}
