{
  "name": "userAnswer",
  "description": "Odpowiedź|Odpowiedzi",
  "base": "PersistedModel",
  "idInjection": true,
  "options": {
    "validateUpsert": true
  },
  "mixins": {
    "SoftDelete" : true,
    "TimeStamp": true
  },
  "properties": {
    "userId": {
      "type": "number",
      "required": true
    },
    "questionId": {
      "type": "number",
      "required": true
    },
    "value": {
      "type": [
        "string"
      ]
    }
  },
  "validations": [],
  "relations": {
    "user": {
      "type": "belongsTo",
      "model": "user",
      "foreignKey": "userId"
    },
    "question": {
      "type": "belongsTo",
      "model": "testQuestion",
      "foreignKey": "questionId"
    }
  },
  "acls": [
    {
      "principalType": "ROLE",
      "principalId": "$everyone",
      "permission": "DENY"
    },
    {
      "accessType": "*",
      "principalType": "ROLE",
      "principalId": "$owner",
      "permission": "ALLOW"
    },
    {
      "accessType": "*",
      "principalType": "ROLE",
      "principalId": "administrator",
      "permission": "ALLOW"
    }
  ],
  "methods": {}
}
